timestamp,scene_token,sample_token,ego_speed,object_1_category,object_1_ttc,object_1_rel_velocity,object_2_category,object_2_ttc,object_2_rel_velocity,risk_level
1531886021549259,d0880a386b6d434bb5cd13c134af7a3e,a085faf3366241a095a88d527a3fdc1b,0.0,None,inf,0.0,None,inf,0.0,low
1531886022049120,d0880a386b6d434bb5cd13c134af7a3e,c6fae425e7694f4bb4aea5da0196d433,4.74,vehicle.bicycle,1.22,4.74,vehicle.car,1.88,4.74,high
1531886022549010,d0880a386b6d434bb5cd13c134af7a3e,9451ac6ed1854040903b94c284185534,4.91,vehicle.bicycle,1.29,4.91,vehicle.car,1.36,4.91,high
1531886022948267,d0880a386b6d434bb5cd13c134af7a3e,ef969c90f4294fc3abc0ecd7d85c49a9,4.98,vehicle.car,1.0,4.98,vehicle.bicycle,1.47,4.98,high
1531886023448102,d0880a386b6d434bb5cd13c134af7a3e,363dd5e0bec74edc958547759324c56a,5.13,vehicle.car,0.64,5.13,vehicle.bicycle,1.75,5.13,high
1531886023898787,d0880a386b6d434bb5cd13c134af7a3e,3f218535b2ab49088401fcfa69cf5acc,5.34,vehicle.car,0.55,5.34,vehicle.car,2.01,5.34,high
1531886024449000,d0880a386b6d434bb5cd13c134af7a3e,ab806dcb71f446ec869a710f28d97727,5.35,vehicle.car,0.86,5.35,vehicle.car,2.02,5.35,high
1531886024948840,d0880a386b6d434bb5cd13c134af7a3e,3bb50b821c47433ea30d1da270155d9b,5.74,vehicle.car,1.2,5.74,vehicle.car,1.92,5.74,high
1531886025449309,d0880a386b6d434bb5cd13c134af7a3e,5dda0a3e52524eb6b46d902ca084021d,5.75,vehicle.car,1.66,5.75,vehicle.car,1.96,5.75,medium
1531886025949169,d0880a386b6d434bb5cd13c134af7a3e,08adc1f8ccb941ebbcb6be4b90477b7f,5.92,vehicle.car,1.95,5.92,vehicle.car,2.1,5.92,medium
1531886026449027,d0880a386b6d434bb5cd13c134af7a3e,687e601e59d44bfbb7f2fd19d98185d7,6.32,vehicle.car,1.9,6.32,vehicle.car,2.45,6.32,medium
1531886026948349,d0880a386b6d434bb5cd13c134af7a3e,e759245e3f1d4e51a00b1da918442e21,6.65,vehicle.car,1.87,6.65,vehicle.car,2.82,6.65,medium
1531886027448772,d0880a386b6d434bb5cd13c134af7a3e,b8a429d70c164028ba31d8f5b3473672,6.91,vehicle.car,1.88,6.91,vehicle.car,3.21,6.91,medium
1531886027949761,d0880a386b6d434bb5cd13c134af7a3e,82ae4ae20309448fb7c2ef81cd1d9b54,7.43,vehicle.car,1.82,7.43,vehicle.car,3.47,7.43,medium
1531886028399315,d0880a386b6d434bb5cd13c134af7a3e,bd0b19f001164853b28e37108b288d9f,7.7,vehicle.car,1.81,7.7,vehicle.car,3.79,7.7,medium
1531886028899236,d0880a386b6d434bb5cd13c134af7a3e,b46130d95b9746ef985695d00325f3cf,7.94,vehicle.car,1.87,7.94,vehicle.car,4.18,7.94,medium
1531886029398545,d0880a386b6d434bb5cd13c134af7a3e,21396e284e314570977466255e4e96f5,8.17,vehicle.car,1.9,8.17,human.pedestrian.adult,3.96,8.17,medium
1531886029898937,d0880a386b6d434bb5cd13c134af7a3e,f16f2bfce974437fa2b072bd0be0e88f,8.63,vehicle.car,1.88,8.63,human.pedestrian.adult,3.33,8.63,medium
1531886030399367,d0880a386b6d434bb5cd13c134af7a3e,aba7b4e53d664310833fe91218581d23,8.81,vehicle.car,1.93,8.81,human.pedestrian.adult,2.87,8.81,medium
1531886030950126,d0880a386b6d434bb5cd13c134af7a3e,951845487e694c63af10cca2e2384137,9.02,vehicle.car,1.97,9.02,human.pedestrian.adult,2.38,9.02,medium
1531886031450010,d0880a386b6d434bb5cd13c134af7a3e,bb229f2eb199473195c3b8891be4ae8d,9.13,human.pedestrian.adult,1.99,9.13,vehicle.car,2.01,9.13,medium
1531886031949346,d0880a386b6d434bb5cd13c134af7a3e,4113ec8b67944976bf7eb58e2b162448,9.18,human.pedestrian.adult,1.67,9.18,movable_object.pushable_pullable,1.74,9.18,medium
1531886032448637,d0880a386b6d434bb5cd13c134af7a3e,020dfd38919349dea80f90e5c326a3de,9.51,human.pedestrian.adult,1.38,9.51,movable_object.pushable_pullable,1.44,9.51,high
1531886032948521,d0880a386b6d434bb5cd13c134af7a3e,8a71d732371e4067b4dfa11953919549,9.47,human.pedestrian.adult,1.29,9.47,movable_object.pushable_pullable,1.33,9.47,high
1531886033448416,d0880a386b6d434bb5cd13c134af7a3e,d63c026dcf414a11b6a978f67d347dbd,9.15,human.pedestrian.adult,1.38,9.15,movable_object.pushable_pullable,1.4,9.15,high
1531886033948280,d0880a386b6d434bb5cd13c134af7a3e,3949e585a6064fd6a9818ef8bf09fcd8,8.96,human.pedestrian.adult,1.27,8.96,movable_object.pushable_pullable,1.6,8.96,high
1531886034448163,d0880a386b6d434bb5cd13c134af7a3e,5fb9b70862354ca4aa833fba628c81d0,9.04,human.pedestrian.adult,1.16,9.04,vehicle.bicycle,1.76,9.04,high
1531886034948020,d0880a386b6d434bb5cd13c134af7a3e,b56f9bb8b47f45aea938669ec9b4b645,8.76,human.pedestrian.adult,1.26,8.76,vehicle.bus.rigid,1.6,8.76,high
1531886035398150,d0880a386b6d434bb5cd13c134af7a3e,d46356fa1ccd466c82ec47ba49e869af,8.55,human.pedestrian.adult,1.47,8.55,vehicle.bus.rigid,1.65,8.55,high
1531886035898576,d0880a386b6d434bb5cd13c134af7a3e,97459c70a9fe4f68a8017994922b629a,8.88,human.pedestrian.adult,1.41,8.88,human.pedestrian.adult,1.48,8.88,high
1531886036398470,d0880a386b6d434bb5cd13c134af7a3e,046f9ae6c3b14cb9a778eb7a5dd779a5,8.85,human.pedestrian.adult,1.14,8.85,human.pedestrian.adult,1.23,8.85,high
1531886036898322,d0880a386b6d434bb5cd13c134af7a3e,4cf68d7ad4634653ae3f2eafddd5cdb2,8.88,human.pedestrian.adult,0.98,8.88,human.pedestrian.adult,1.06,8.88,high
1531886037398744,d0880a386b6d434bb5cd13c134af7a3e,5624382d44a64fddbecdb56c12f49d83,8.42,human.pedestrian.adult,1.03,8.42,human.pedestrian.adult,1.1,8.42,high
1531886037899167,d0880a386b6d434bb5cd13c134af7a3e,c9b3e94d59c0492ba3f22ad531b304c2,8.57,human.pedestrian.adult,1.1,8.57,human.pedestrian.adult,1.11,8.57,high
1531886038399047,d0880a386b6d434bb5cd13c134af7a3e,513d56efbee44510910e54f5e5e94507,8.83,human.pedestrian.adult,0.92,8.83,human.pedestrian.adult,0.96,8.83,high
1531886038899479,d0880a386b6d434bb5cd13c134af7a3e,ad2c63e34d084d8fbf13bdeee04f6457,8.76,human.pedestrian.adult,0.96,8.76,human.pedestrian.adult,1.04,8.76,high
1531886039449152,d0880a386b6d434bb5cd13c134af7a3e,a0e97cf86ca846d7b3193b7de50b6128,9.09,human.pedestrian.adult,1.14,9.09,vehicle.motorcycle,1.17,9.09,high
1531886039948459,d0880a386b6d434bb5cd13c134af7a3e,ae7ecec2843b421aa49686d753a9a9f3,9.01,vehicle.motorcycle,0.78,9.01,human.pedestrian.adult,1.48,9.01,high
1531886040448311,d0880a386b6d434bb5cd13c134af7a3e,102fb6fa7ea84b9ebd2775d460389d3c,9.67,vehicle.motorcycle,0.54,9.67,human.pedestrian.adult,1.55,9.67,high
1531886040948764,d0880a386b6d434bb5cd13c134af7a3e,09c20b036021493ea64c166cd51ac14c,9.29,vehicle.motorcycle,0.73,9.29,human.pedestrian.adult,1.72,9.29,high
1531885998548873,7e3a6bdd6c6f4c8fb018cff404974446,1247776e94cd4c2999df4d8cf07b43ee,0.0,None,inf,0.0,None,inf,0.0,low
1531885999048784,7e3a6bdd6c6f4c8fb018cff404974446,0ca7e4ab1f17416b9b40a867becc746e,6.94,movable_object.trafficcone,1.22,6.94,movable_object.barrier,1.23,6.94,high
1531885999548065,7e3a6bdd6c6f4c8fb018cff404974446,bf0f869608744492b861152fe1a00da4,7.29,movable_object.trafficcone,1.09,7.29,movable_object.barrier,1.15,7.29,high
1531886000048491,7e3a6bdd6c6f4c8fb018cff404974446,d7f280ad9f5648cbbee4e56dc0446c00,7.73,human.pedestrian.adult,0.97,7.73,movable_object.trafficcone,1.04,7.73,high
1531886000548367,7e3a6bdd6c6f4c8fb018cff404974446,883f8d77dc184d8480849b7ec156d496,8.62,human.pedestrian.adult,0.51,8.62,human.pedestrian.adult,0.62,8.62,high
1531886001048259,7e3a6bdd6c6f4c8fb018cff404974446,bc928f34080143cb9f56b5b59fd71aed,8.8,human.pedestrian.adult,0.55,8.8,human.pedestrian.adult,0.62,8.8,high
1531886001548682,7e3a6bdd6c6f4c8fb018cff404974446,3057b6636fb24702802896cd944f9593,8.85,movable_object.trafficcone,0.73,8.85,movable_object.trafficcone,0.75,8.85,high
1531886002049154,7e3a6bdd6c6f4c8fb018cff404974446,05b837922fbd46fbab76efda7cea2373,9.13,movable_object.trafficcone,0.72,9.13,movable_object.trafficcone,0.73,9.13,high
1531886002549534,7e3a6bdd6c6f4c8fb018cff404974446,9099b4918d3d462ca0fb18b41648ae1c,9.45,movable_object.barrier,0.71,9.45,movable_object.barrier,0.74,9.45,high
1531886003049410,7e3a6bdd6c6f4c8fb018cff404974446,1e98565f9a204ac3bf6a7fad5b8b0530,9.82,movable_object.barrier,0.65,9.82,movable_object.barrier,0.67,9.82,high
1531886003449222,7e3a6bdd6c6f4c8fb018cff404974446,f2074d5bed79494bba092ede8dbb1a09,10.05,movable_object.barrier,0.57,10.05,movable_object.barrier,0.62,10.05,high
1531886003949091,7e3a6bdd6c6f4c8fb018cff404974446,b99b59abce4f4637bf8e00240dee961b,10.38,movable_object.barrier,0.52,10.38,movable_object.barrier,0.53,10.38,high
1531886004448390,7e3a6bdd6c6f4c8fb018cff404974446,a1b24ae10dd1438597859611a13fe892,10.31,vehicle.bicycle,0.5,10.31,movable_object.barrier,0.56,10.31,high
1531886004948829,7e3a6bdd6c6f4c8fb018cff404974446,8c99931fb4e14d658050bdaac6c19b8a,10.39,vehicle.bicycle,0.34,10.39,human.pedestrian.construction_worker,0.35,10.39,high
1531886005448696,7e3a6bdd6c6f4c8fb018cff404974446,d96260379fb54634b5022474c4bbf095,10.48,movable_object.trafficcone,0.52,10.48,movable_object.barrier,0.54,10.48,high
1531886005948581,7e3a6bdd6c6f4c8fb018cff404974446,c8429748c8b2437b86619a02b457b09b,10.61,movable_object.barrier,0.53,10.61,movable_object.barrier,0.56,10.61,high
1531886006448450,7e3a6bdd6c6f4c8fb018cff404974446,171635b86c1643e598b6e2fcb69030cd,10.29,human.pedestrian.construction_worker,0.54,10.29,movable_object.barrier,0.54,10.29,high
1531886006948326,7e3a6bdd6c6f4c8fb018cff404974446,2c5ddecd3e2048598d9e8259e9765874,10.18,movable_object.barrier,0.53,10.18,movable_object.barrier,0.58,10.18,high
1531886007448215,7e3a6bdd6c6f4c8fb018cff404974446,951ac57b36f346718bbefb104e2db9f7,10.08,movable_object.barrier,0.55,10.08,movable_object.barrier,0.56,10.08,high
1531886007948115,7e3a6bdd6c6f4c8fb018cff404974446,a9b04c513ff24c75bc4e6d9da849099a,10.01,human.pedestrian.construction_worker,0.46,10.01,movable_object.barrier,0.55,10.01,high
1531886008448507,7e3a6bdd6c6f4c8fb018cff404974446,090cc8955ca24ab290e29ce76f3b088b,9.89,movable_object.barrier,0.57,9.89,movable_object.barrier,0.58,9.89,high
1531886008951205,7e3a6bdd6c6f4c8fb018cff404974446,f7bce2611f5943a0bd4679fbc840f335,9.69,movable_object.barrier,0.58,9.69,movable_object.barrier,0.6,9.69,high
1531886009448265,7e3a6bdd6c6f4c8fb018cff404974446,9e784620bd684ee28d7d72f337060b24,8.9,movable_object.barrier,0.63,8.9,movable_object.barrier,0.64,8.9,high
1531886009948722,7e3a6bdd6c6f4c8fb018cff404974446,d0786c5a22a64d59b013096510d3d006,9.09,movable_object.barrier,0.62,9.09,movable_object.barrier,0.64,9.09,high
1531886010449123,7e3a6bdd6c6f4c8fb018cff404974446,3f557d37d7554395b8b3dfae0be18b91,8.74,movable_object.barrier,0.64,8.74,movable_object.barrier,0.68,8.74,high
1531886010948447,7e3a6bdd6c6f4c8fb018cff404974446,c5bb4463c2a54ae5aae09b41aefcac73,8.17,movable_object.barrier,0.69,8.17,movable_object.barrier,0.73,8.17,high
1531886011448886,7e3a6bdd6c6f4c8fb018cff404974446,c9bbf80a68e0472bb9b2ed9d9bfae35a,7.72,movable_object.barrier,0.77,7.72,movable_object.barrier,0.78,7.72,high
1531886011949301,7e3a6bdd6c6f4c8fb018cff404974446,66e98d5c80c6408cbb3aee9ab0c8bc73,7.09,movable_object.barrier,0.8,7.09,movable_object.barrier,0.82,7.09,high
1531886012399414,7e3a6bdd6c6f4c8fb018cff404974446,8293a45700074db6b77ba2c4ced413b2,6.38,movable_object.barrier,0.88,6.38,movable_object.barrier,0.89,6.38,high
1531886012899836,7e3a6bdd6c6f4c8fb018cff404974446,a9aeb015d73a40d6b90f4609f0670566,5.82,movable_object.barrier,0.91,5.82,movable_object.barrier,0.96,5.82,high
1531886013399752,7e3a6bdd6c6f4c8fb018cff404974446,5e7602fccef3460985ead6f7c81688a0,5.13,movable_object.barrier,0.96,5.13,movable_object.barrier,1.05,5.13,high
1531886013948260,7e3a6bdd6c6f4c8fb018cff404974446,086488777f874869b694b023382c61f7,4.22,movable_object.barrier,1.08,4.22,movable_object.barrier,1.19,4.22,high
1531886014448165,7e3a6bdd6c6f4c8fb018cff404974446,2c5e5aed2bc849f49b8f74d867bf6ae0,4.21,movable_object.barrier,1.05,4.21,movable_object.barrier,1.24,4.21,high
1531886014948568,7e3a6bdd6c6f4c8fb018cff404974446,cb319537ffde4e81b8d7cdb402db0b2c,4.03,movable_object.barrier,1.23,4.03,movable_object.barrier,1.24,4.03,high
1531886015448427,7e3a6bdd6c6f4c8fb018cff404974446,fc1decba1d684597aa6f9702bd3c4806,3.82,movable_object.barrier,1.37,3.82,movable_object.barrier,1.51,3.82,high
1531886015948306,7e3a6bdd6c6f4c8fb018cff404974446,90845aab7dda4012b222fd89357f42f4,3.57,movable_object.barrier,1.6,3.57,movable_object.barrier,1.8,3.57,medium
1531886016448183,7e3a6bdd6c6f4c8fb018cff404974446,6de5509bb441456a8d05442a95c80996,3.17,movable_object.barrier,2.0,3.17,movable_object.barrier,2.05,3.17,medium
1531886016898293,7e3a6bdd6c6f4c8fb018cff404974446,5c3ee925f9f54fcbb3b0a25510b381e3,3.28,movable_object.barrier,2.03,3.28,movable_object.barrier,2.07,3.28,medium
1531886017448488,7e3a6bdd6c6f4c8fb018cff404974446,3170eea95f914bb597dd15e3be88345b,3.37,movable_object.barrier,1.94,3.37,movable_object.barrier,2.02,3.37,medium
1531886017948932,7e3a6bdd6c6f4c8fb018cff404974446,328fd8f2e946430b9b2b83f75dbc67fd,3.9,movable_object.barrier,1.59,3.9,movable_object.barrier,1.66,3.9,medium
1531886158547385,6520b5f0d568414c973f791b30ee1548,20d3a69979874bae88d539b06e3d103a,0.0,None,inf,0.0,None,inf,0.0,low
1531886159047818,6520b5f0d568414c973f791b30ee1548,30d2d1e393ef48b1a3f866d8519dceda,0.0,None,inf,0.0,None,inf,0.0,low
1531886159547716,6520b5f0d568414c973f791b30ee1548,8fc2c834003544c095b1e38c78b20e72,0.0,None,inf,0.0,None,inf,0.0,low
1531886160047572,6520b5f0d568414c973f791b30ee1548,047f8d54fab943b5b08b950bd2d1123a,0.0,None,inf,0.0,None,inf,0.0,low
1531886160548002,6520b5f0d568414c973f791b30ee1548,d5009be182224f989fafdde7b6635032,0.0,None,inf,0.0,None,inf,0.0,low
1531886161048976,6520b5f0d568414c973f791b30ee1548,0aa8264e9c3e4270a6bc5ee4c417946c,0.0,None,inf,0.0,None,inf,0.0,low
1531886161549437,6520b5f0d568414c973f791b30ee1548,cd71f915b2ef4bf3be01e19f0e3b2f35,0.0,None,inf,0.0,None,inf,0.0,low
1531886162049296,6520b5f0d568414c973f791b30ee1548,4c45aca6e9b747ebb5480f51b640d491,0.0,None,inf,0.0,None,inf,0.0,low
1531886162449631,6520b5f0d568414c973f791b30ee1548,043dd37c4abb4970a148404098f7b7ab,0.0,None,inf,0.0,None,inf,0.0,low
1531886162948951,6520b5f0d568414c973f791b30ee1548,c03d17123c6345f1a4626c6245b2c962,0.0,None,inf,0.0,None,inf,0.0,low
1531886163548920,6520b5f0d568414c973f791b30ee1548,008c89588f2c409a897a8136668b363e,0.0,None,inf,0.0,None,inf,0.0,low
1531886164049343,6520b5f0d568414c973f791b30ee1548,0c7e29325ae5462ca0fd1d45b2fcda8b,0.0,None,inf,0.0,None,inf,0.0,low
1531886164549235,6520b5f0d568414c973f791b30ee1548,7bfb0fad8b034ca1b4542325e58b7377,0.0,None,inf,0.0,None,inf,0.0,low
1531886165048027,6520b5f0d568414c973f791b30ee1548,f3d7cea3b7fb44f0a47a88f6223e6760,0.0,None,inf,0.0,None,inf,0.0,low
1531886165547881,6520b5f0d568414c973f791b30ee1548,202d65a85c79410f9056991d2b8ca95e,0.0,None,inf,0.0,None,inf,0.0,low
1531886166048293,6520b5f0d568414c973f791b30ee1548,34caa21ef8594cb188bc52649f57e4b3,0.0,None,inf,0.0,None,inf,0.0,low
1531886166448100,6520b5f0d568414c973f791b30ee1548,6f4d050b67344de3b85303fd7801d3bb,0.0,None,inf,0.0,None,inf,0.0,low
1531886166898195,6520b5f0d568414c973f791b30ee1548,3f6274610db64041975221d29fa44573,0.0,None,inf,0.0,None,inf,0.0,low
1531886167398075,6520b5f0d568414c973f791b30ee1548,c71a1f1602fb4a4cbf52d990d5d101d4,0.0,None,inf,0.0,None,inf,0.0,low
1531886167797878,6520b5f0d568414c973f791b30ee1548,637373c92ca04e68b604ffe4487f2cbe,0.0,None,inf,0.0,None,inf,0.0,low
1531886168297750,6520b5f0d568414c973f791b30ee1548,ff51a4dad44a4fa089a20b088fb33ab9,0.0,None,inf,0.0,None,inf,0.0,low
1531886168798168,6520b5f0d568414c973f791b30ee1548,5680e9fda9e64e4aaa54af716b1c804f,0.0,None,inf,0.0,None,inf,0.0,low
1531886169298043,6520b5f0d568414c973f791b30ee1548,c2167aa0fa674d1da8fb84b4de4c31e3,0.0,None,inf,0.0,None,inf,0.0,low
1531886169798470,6520b5f0d568414c973f791b30ee1548,a88de97710c144abad967a140ec9354a,0.0,None,inf,0.0,None,inf,0.0,low
1531886170298904,6520b5f0d568414c973f791b30ee1548,c11b4b82b0cf4292b5cc446ac74d7958,0.0,None,inf,0.0,None,inf,0.0,low
1531886170698695,6520b5f0d568414c973f791b30ee1548,a3cfa2ae8cff49eba4f9133706010c86,0.0,None,inf,0.0,None,inf,0.0,low
1531886171199116,6520b5f0d568414c973f791b30ee1548,21264665e06c47f080828a1be4e7c242,0.0,None,inf,0.0,None,inf,0.0,low
1531886171698992,6520b5f0d568414c973f791b30ee1548,e43dc0bf8d214db1a9ed030c4d4b6c8a,0.0,None,inf,0.0,None,inf,0.0,low
1531886172199421,6520b5f0d568414c973f791b30ee1548,170cf44f4b394e639564bd69ff0829c7,0.0,None,inf,0.0,None,inf,0.0,low
1531886172699302,6520b5f0d568414c973f791b30ee1548,a87adcb824f54f29a34b07985b3d5611,0.0,None,inf,0.0,None,inf,0.0,low
1531886173198622,6520b5f0d568414c973f791b30ee1548,d3133b05709f430f88878bb32a87677f,0.0,None,inf,0.0,None,inf,0.0,low
1531886173698517,6520b5f0d568414c973f791b30ee1548,263fe6da3d174b45aab50a866d33a89c,0.0,None,inf,0.0,None,inf,0.0,low
1531886174198374,6520b5f0d568414c973f791b30ee1548,e3958d83ff2b431f9346c856f8c57cd7,0.0,None,inf,0.0,None,inf,0.0,low
1531886174698251,6520b5f0d568414c973f791b30ee1548,c6811ce5394649fe891f4ba96715f189,0.0,None,inf,0.0,None,inf,0.0,low
1531886175198135,6520b5f0d568414c973f791b30ee1548,ddc31994307940008530f4d811a74217,0.0,None,inf,0.0,None,inf,0.0,low
1531886175698002,6520b5f0d568414c973f791b30ee1548,d3685fbdf49b4d569f45f7f638f7917e,0.0,None,inf,0.0,None,inf,0.0,low
1531886176198459,6520b5f0d568414c973f791b30ee1548,767a33407d2044cbaf3903bd369cc847,0.0,None,inf,0.0,None,inf,0.0,low
1531886176698306,6520b5f0d568414c973f791b30ee1548,63f7bd448c7040c681034a447c5fbb84,0.0,None,inf,0.0,None,inf,0.0,low
1531886177198179,6520b5f0d568414c973f791b30ee1548,bd91668cfb80411281917754291e5876,0.0,None,inf,0.0,None,inf,0.0,low
1531886177698611,6520b5f0d568414c973f791b30ee1548,91e81904bc56431ca8cb32441cb84776,0.0,None,inf,0.0,None,inf,0.0,low
1531886069549530,0c601ff2bf004fccafec366b08bf29e2,3e755d84f9634ee780b76847cd0f917b,0.0,None,inf,0.0,None,inf,0.0,low
1531886070049408,0c601ff2bf004fccafec366b08bf29e2,1f8ffa340b7a425fb3574477a849c3d9,0.01,None,inf,0.0,None,inf,0.0,low
1531886070549831,0c601ff2bf004fccafec366b08bf29e2,a71c3dc9f5a84b72ab144c192d2cb51a,0.0,None,inf,0.0,None,inf,0.0,low
1531886071048607,0c601ff2bf004fccafec366b08bf29e2,5a1f37aea5be4500a3f36e3764f273ad,0.0,None,inf,0.0,None,inf,0.0,low
1531886071549032,0c601ff2bf004fccafec366b08bf29e2,39c87a6a8a3f457c9f9d148d241cfc8d,0.0,None,inf,0.0,None,inf,0.0,low
1531886072048912,0c601ff2bf004fccafec366b08bf29e2,2776d0d502e94091a3b5cfe7b42bb48d,0.0,None,inf,0.0,None,inf,0.0,low
1531886072549336,0c601ff2bf004fccafec366b08bf29e2,8a2f1d422b5344bf856ac21c65f2d562,0.0,None,inf,0.0,None,inf,0.0,low
1531886073049209,0c601ff2bf004fccafec366b08bf29e2,b2ec36b4311440c69a959a0e3c992177,0.0,None,inf,0.0,None,inf,0.0,low
1531886073549668,0c601ff2bf004fccafec366b08bf29e2,15ab3872150347678f4efca8c640ce75,0.0,None,inf,0.0,None,inf,0.0,low
1531886073949418,0c601ff2bf004fccafec366b08bf29e2,2a2d180d999843f6b2b9756b60624576,0.0,None,inf,0.0,None,inf,0.0,low
1531886074449295,0c601ff2bf004fccafec366b08bf29e2,5ce36984d1124087b781cdb457d7107d,0.0,None,inf,0.0,None,inf,0.0,low
1531886074949724,0c601ff2bf004fccafec366b08bf29e2,8cefab0167e14e04bbcda2f05febf1be,0.0,None,inf,0.0,None,inf,0.0,low
1531886075450161,0c601ff2bf004fccafec366b08bf29e2,30fef0d4880a4412ad9f68b10d8955d1,0.0,None,inf,0.0,None,inf,0.0,low
1531886075949495,0c601ff2bf004fccafec366b08bf29e2,94c6b3e562004fa58842171bd2fe5fdd,0.0,None,inf,0.0,None,inf,0.0,low
1531886076448251,0c601ff2bf004fccafec366b08bf29e2,90574d0d361b4da59951e46fdaea5448,0.0,None,inf,0.0,None,inf,0.0,low
1531886076948147,0c601ff2bf004fccafec366b08bf29e2,17a00680440148a495caf18f86077781,0.0,None,inf,0.0,None,inf,0.0,low
1531886077448002,0c601ff2bf004fccafec366b08bf29e2,0fa318e62d0540f5a20cda4b21842eda,0.0,None,inf,0.0,None,inf,0.0,low
1531886077947345,0c601ff2bf004fccafec366b08bf29e2,5d0f0c2b07044187b0552e02dfd22d92,0.0,None,inf,0.0,None,inf,0.0,low
1531886078447204,0c601ff2bf004fccafec366b08bf29e2,8c4bd54a31924d7c99f9cdad2358f1ab,0.0,None,inf,0.0,None,inf,0.0,low
1531886078946527,0c601ff2bf004fccafec366b08bf29e2,3d8c74afd1874cc7af0e37632f0b258d,0.0,None,inf,0.0,None,inf,0.0,low
1531886079447520,0c601ff2bf004fccafec366b08bf29e2,fbd7c6f480404ebc83f7138418d79408,0.0,None,inf,0.0,None,inf,0.0,low
1531886079948507,0c601ff2bf004fccafec366b08bf29e2,fa55911bfd0042999f97ee2741197378,0.23,None,inf,0.0,None,inf,0.0,low
1531886080447836,0c601ff2bf004fccafec366b08bf29e2,98e3c44681984a688e9569e3e6ce9a73,0.52,human.pedestrian.adult,9.61,0.52,human.pedestrian.adult,9.81,0.52,low
1531886080948824,0c601ff2bf004fccafec366b08bf29e2,2202430c861a43888255efaa7740e131,0.93,human.pedestrian.adult,5.47,0.93,human.pedestrian.adult,5.87,0.93,low
1531886081449231,0c601ff2bf004fccafec366b08bf29e2,9ce3fc6e76394d3298df0f901ff0e154,1.4,human.pedestrian.adult,3.73,1.4,human.pedestrian.adult,4.12,1.4,low
1531886081949105,0c601ff2bf004fccafec366b08bf29e2,5226c03c1e0d4ff7b96ab0b3af7dbc2d,1.62,human.pedestrian.adult,3.4,1.62,human.pedestrian.adult,3.65,1.62,low
1531886082449539,0c601ff2bf004fccafec366b08bf29e2,897c8180d6e84e3e8cb47c96b8a400fc,1.92,human.pedestrian.adult,3.13,1.92,human.pedestrian.adult,3.21,1.92,low
1531886083049504,0c601ff2bf004fccafec366b08bf29e2,b954b1f2ddba46a794ef054b99064403,2.1,human.pedestrian.adult,3.17,2.1,human.pedestrian.adult,3.18,2.1,low
1531886083549944,0c601ff2bf004fccafec366b08bf29e2,1c5c0aea435941cc85d436afd450c22b,2.32,human.pedestrian.adult,3.11,2.32,human.pedestrian.adult,3.21,2.32,low
1531886084049802,0c601ff2bf004fccafec366b08bf29e2,e5eae7b13199436baa2544408340d01b,1.91,human.pedestrian.adult,4.1,1.91,human.pedestrian.adult,4.29,1.91,low
1531886084549685,0c601ff2bf004fccafec366b08bf29e2,970f84931fb248f586d6e262c0372bb4,1.96,human.pedestrian.adult,4.36,1.96,human.pedestrian.adult,4.53,1.96,low
1531886085049027,0c601ff2bf004fccafec366b08bf29e2,1946640a90254a28b9e368d4d94562e5,2.21,human.pedestrian.adult,4.19,2.21,human.pedestrian.adult,4.25,2.21,low
1531886085548904,0c601ff2bf004fccafec366b08bf29e2,e91879b1ab1a4a7a80d2be6e89f2f5d8,2.25,human.pedestrian.adult,4.33,2.25,human.pedestrian.adult,4.45,2.25,low
1531886085948674,0c601ff2bf004fccafec366b08bf29e2,c7848242a0724c13b708e8912f43eeee,1.84,human.pedestrian.adult,5.37,1.84,human.pedestrian.adult,5.72,1.84,low
1531886086449119,0c601ff2bf004fccafec366b08bf29e2,27db88f43951479fb01b30ecb05b42a8,2.12,human.pedestrian.adult,4.67,2.12,human.pedestrian.adult,5.34,2.12,low
1531886086948985,0c601ff2bf004fccafec366b08bf29e2,47195279d3864f6f973244084c8bef7c,2.73,human.pedestrian.adult,3.53,2.73,human.pedestrian.adult,4.51,2.73,low
1531886087399096,0c601ff2bf004fccafec366b08bf29e2,96154998ee0d42f1a43c13298234a024,3.19,human.pedestrian.adult,2.88,3.19,human.pedestrian.adult,4.15,3.19,medium
1531886087898421,0c601ff2bf004fccafec366b08bf29e2,1e8b732e51b849a484f642c387b75c1b,3.45,human.pedestrian.adult,2.45,3.45,human.pedestrian.adult,3.74,3.45,medium
1531886088397230,0c601ff2bf004fccafec366b08bf29e2,fa2eb1e2c88c45ae84372dd127828b81,3.69,human.pedestrian.adult,2.08,3.69,human.pedestrian.adult,3.13,3.69,medium
1531886088898203,0c601ff2bf004fccafec366b08bf29e2,fb6c1ea5f03746fab2ceca823c537f4e,3.85,human.pedestrian.adult,1.8,3.85,human.pedestrian.adult,2.64,3.85,medium
1531886138648560,3a1850241080418b88dcee97c7d17ed7,e5fd1a6e14a448a1aba85e60b763f605,0.0,None,inf,0.0,None,inf,0.0,low
1531886139048354,3a1850241080418b88dcee97c7d17ed7,69900a0493514f279e1d160de412f568,6.62,vehicle.bicycle,0.98,6.62,static_object.bicycle_rack,1.22,6.62,high
1531886139548224,3a1850241080418b88dcee97c7d17ed7,f4855427349f4c33998ed4bacdf74e20,6.24,vehicle.bicycle,1.16,6.24,static_object.bicycle_rack,1.45,6.24,high
1531886140048136,3a1850241080418b88dcee97c7d17ed7,48676dfadb7e4abfacd4ec684182fbdb,5.82,vehicle.bicycle,1.54,5.82,human.pedestrian.adult,1.64,5.82,medium
1531886140448489,3a1850241080418b88dcee97c7d17ed7,e11dfc749a174c5b9c04807dd44048eb,5.26,human.pedestrian.adult,1.8,5.26,human.pedestrian.adult,1.83,5.26,medium
1531886140948340,3a1850241080418b88dcee97c7d17ed7,03f0ff95697543d2a63bf2ecc88c2f14,4.86,human.pedestrian.adult,1.66,4.86,human.pedestrian.adult,1.81,4.86,medium
1531886141548316,3a1850241080418b88dcee97c7d17ed7,be4d6ffa6ec14e9ab422a1c6f74c8818,4.02,human.pedestrian.adult,1.46,4.02,human.pedestrian.adult,1.63,4.02,high
1531886142048175,3a1850241080418b88dcee97c7d17ed7,29f1d24272df4ee289273295c188b759,3.8,human.pedestrian.adult,1.16,3.8,human.pedestrian.adult,1.3,3.8,high
1531886142548060,3a1850241080418b88dcee97c7d17ed7,accfc202aad04ab88921c3f18f472e7c,3.77,human.pedestrian.adult,0.92,3.77,human.pedestrian.adult,0.95,3.77,high
1531886143048477,3a1850241080418b88dcee97c7d17ed7,1cd5675706444c709853445988445db8,4.22,human.pedestrian.adult,0.71,4.22,human.pedestrian.adult,0.72,4.22,high
1531886143548892,3a1850241080418b88dcee97c7d17ed7,b34b1b14b39242bb93f588dde535d6a0,4.61,human.pedestrian.adult,0.76,4.61,human.pedestrian.adult,0.85,4.61,high
1531886144049354,3a1850241080418b88dcee97c7d17ed7,9b155907cdbe4825b2c9ef7d59eec965,4.63,vehicle.car,1.1,4.63,human.pedestrian.adult,1.1,4.63,high
1531886144449127,3a1850241080418b88dcee97c7d17ed7,bf6a901eb1df4fbfacb12183fc82c240,4.95,vehicle.car,0.81,4.95,human.pedestrian.adult,0.92,4.95,high
1531886144949545,3a1850241080418b88dcee97c7d17ed7,94ba4bb5b423408fb6a140798968e98d,4.79,vehicle.car,0.74,4.79,human.pedestrian.adult,1.02,4.79,high
1531886145449413,3a1850241080418b88dcee97c7d17ed7,f00ff0e1da604b63b1189ee4a9f768c2,5.05,vehicle.car,0.88,5.05,human.pedestrian.adult,1.2,5.05,high
1531886145949310,3a1850241080418b88dcee97c7d17ed7,3d206a3f1b354cecac72da662d1cc6d4,4.93,vehicle.car,1.22,4.93,human.pedestrian.adult,1.54,4.93,high
1531886146449747,3a1850241080418b88dcee97c7d17ed7,65b19d68b4554811a8a0ffb31d38e999,4.92,vehicle.car,1.62,4.92,human.pedestrian.adult,1.9,4.92,medium
1531886146899277,3a1850241080418b88dcee97c7d17ed7,8deec6b96f7f498da9d9517feabcb007,4.95,vehicle.car,2.01,4.95,human.pedestrian.adult,2.29,4.95,medium
1531886147399166,3a1850241080418b88dcee97c7d17ed7,584d6df66ae6499ab8527f8521ca32fc,5.54,human.pedestrian.adult,1.96,5.54,human.pedestrian.adult,1.98,5.54,medium
1531886147898487,3a1850241080418b88dcee97c7d17ed7,e5d3d7e6453a484daaf5f596e97570cc,5.56,human.pedestrian.adult,1.81,5.56,human.pedestrian.adult,2.02,5.56,medium
1531886148397799,3a1850241080418b88dcee97c7d17ed7,f4d031beba464ce6ad8ab92d2086d6d3,5.61,human.pedestrian.adult,1.72,5.61,human.pedestrian.adult,1.97,5.61,medium
1531886148946917,3a1850241080418b88dcee97c7d17ed7,a109b976598c4460bee1b79902b787e3,5.16,human.pedestrian.adult,1.93,5.16,human.pedestrian.adult,1.98,5.16,medium
1531886149447320,3a1850241080418b88dcee97c7d17ed7,def5219ae4bb4a4bb927fc798e5b7a78,5.32,human.pedestrian.adult,1.92,5.32,human.pedestrian.adult,1.96,5.32,medium
1531886150047284,3a1850241080418b88dcee97c7d17ed7,aa73183cfd5c4501aa4b1425ce0a98f6,4.83,human.pedestrian.adult,2.27,4.83,human.pedestrian.adult,2.38,4.83,medium
1531886150547722,3a1850241080418b88dcee97c7d17ed7,85fb025a1b014374a267ad70a044d148,4.62,human.pedestrian.adult,2.55,4.62,human.pedestrian.adult,2.66,4.62,medium
1531886151048157,3a1850241080418b88dcee97c7d17ed7,6a0391f7241546c1bcb33ee6976c68b8,4.05,human.pedestrian.adult,3.08,4.05,human.pedestrian.adult,3.31,4.05,low
1531886151548033,3a1850241080418b88dcee97c7d17ed7,849d5acd29f643ab832e6a0c12b38715,3.6,human.pedestrian.adult,3.31,3.6,human.pedestrian.adult,3.52,3.6,low
1531886152048482,3a1850241080418b88dcee97c7d17ed7,c210d2a3c65148019cbebe3eef0c9540,3.09,human.pedestrian.adult,3.44,3.09,human.pedestrian.adult,3.71,3.09,low
1531886152548334,3a1850241080418b88dcee97c7d17ed7,2b297685ee644a94bcfebde73186796d,2.45,human.pedestrian.adult,3.88,2.45,human.pedestrian.adult,4.17,2.45,low
1531886153048780,3a1850241080418b88dcee97c7d17ed7,386cf99395154f089c40658a1903df65,1.93,human.pedestrian.adult,4.43,1.93,human.pedestrian.adult,4.79,1.93,low
1531886153548628,3a1850241080418b88dcee97c7d17ed7,d3e10ee0920e4097ac5cfea1dd9c6176,0.98,human.pedestrian.adult,7.96,0.98,human.pedestrian.adult,8.73,0.98,low
1531886154048521,3a1850241080418b88dcee97c7d17ed7,1d0745e306594cd0a5ec16cf63d496c2,0.59,human.pedestrian.adult,12.36,0.59,human.pedestrian.adult,13.6,0.59,low
1531886154548953,3a1850241080418b88dcee97c7d17ed7,8b735e1da7f44939a4829436824db4d3,0.29,None,inf,0.0,None,inf,0.0,low
1531886155049360,3a1850241080418b88dcee97c7d17ed7,fcc74aa320d4461482459c40e25fff9d,0.07,None,inf,0.0,None,inf,0.0,low
1531886155449150,3a1850241080418b88dcee97c7d17ed7,f59d69aee77b45d8b465e2a600f6370c,0.03,None,inf,0.0,None,inf,0.0,low
1531886156048008,3a1850241080418b88dcee97c7d17ed7,d144dca78dca4455a8768ce8dd3265e4,0.0,None,inf,0.0,None,inf,0.0,low
1531886156547918,3a1850241080418b88dcee97c7d17ed7,76d37819ed44411d9db4b6736a63c0d4,0.0,None,inf,0.0,None,inf,0.0,low
1531886157047837,3a1850241080418b88dcee97c7d17ed7,0bc4310298d34311a063c0fc07879f4f,0.0,None,inf,0.0,None,inf,0.0,low
1531886157547657,3a1850241080418b88dcee97c7d17ed7,8f530822443d481f89bbe6e355fe5a45,0.0,None,inf,0.0,None,inf,0.0,low
1531886158047532,3a1850241080418b88dcee97c7d17ed7,159259786fa9452984a95541fa7ec1ed,0.0,None,inf,0.0,None,inf,0.0,low
1531886044547412,d7ebcbbd26d849b384c11bec8df28a9b,73c04e824a214a54922b03391a1549f3,0.0,None,inf,0.0,None,inf,0.0,low
1531886045047834,d7ebcbbd26d849b384c11bec8df28a9b,bdb7191edd29442ebb489370fea67d6c,8.43,human.pedestrian.adult,1.42,8.43,human.pedestrian.adult,1.51,8.43,high
1531886045548282,d7ebcbbd26d849b384c11bec8df28a9b,5111b855c90a4f08b3471e3432b9055c,7.9,human.pedestrian.adult,1.53,7.9,human.pedestrian.adult,1.63,7.9,medium
1531886046048140,d7ebcbbd26d849b384c11bec8df28a9b,625cb28093bd49b2909865618b09bf30,7.52,human.pedestrian.adult,1.82,7.52,human.pedestrian.adult,1.91,7.52,medium
1531886046548578,d7ebcbbd26d849b384c11bec8df28a9b,4bbfe2e15f654fd3821ddae62fe0c5bd,6.85,human.pedestrian.adult,2.35,6.85,human.pedestrian.adult,2.43,6.85,medium
1531886046948924,d7ebcbbd26d849b384c11bec8df28a9b,af380e7ff5ba4de1b429309330f8f3fd,6.6,human.pedestrian.adult,2.8,6.6,human.pedestrian.adult,2.87,6.6,medium
1531886047549435,d7ebcbbd26d849b384c11bec8df28a9b,00ee093616ef4d0abaafa4d9cf12d0bd,6.24,human.pedestrian.adult,2.64,6.24,vehicle.motorcycle,3.06,6.24,medium
1531886048049308,d7ebcbbd26d849b384c11bec8df28a9b,37b397c6f4114ce69ce15f70eb6c9340,6.21,human.pedestrian.adult,2.19,6.21,vehicle.motorcycle,2.61,6.21,medium
1531886048549795,d7ebcbbd26d849b384c11bec8df28a9b,6c7de63ed5f64275992b041550641710,5.92,human.pedestrian.adult,1.84,5.92,vehicle.motorcycle,2.28,5.92,medium
1531886049049631,d7ebcbbd26d849b384c11bec8df28a9b,a38098166d4049d1a81ff4e309415026,5.35,human.pedestrian.adult,1.56,5.35,vehicle.motorcycle,2.06,5.35,medium
1531886049548413,d7ebcbbd26d849b384c11bec8df28a9b,6708a82e3f1b453fbcec3cf279d2f0d6,4.91,human.pedestrian.adult,1.25,4.91,vehicle.motorcycle,1.79,4.91,high
1531886050047710,d7ebcbbd26d849b384c11bec8df28a9b,1e7cd9c4ba56457f945d1912f0e43e73,4.43,human.pedestrian.adult,0.97,4.43,vehicle.motorcycle,1.56,4.43,high
1531886050548152,d7ebcbbd26d849b384c11bec8df28a9b,dbef9281c1544285a8fb09957c000e4a,3.82,human.pedestrian.adult,0.8,3.82,vehicle.motorcycle,1.49,3.82,high
1531886051048008,d7ebcbbd26d849b384c11bec8df28a9b,fa072c58538d4600a907a0a773578c83,3.15,human.pedestrian.adult,0.76,3.15,vehicle.motorcycle,1.59,3.15,high
1531886051547941,d7ebcbbd26d849b384c11bec8df28a9b,dae6a9febc3447b0999dec350965e67a,2.23,human.pedestrian.adult,1.06,2.23,vehicle.motorcycle,2.17,2.23,high
1531886052047759,d7ebcbbd26d849b384c11bec8df28a9b,6119ff02ad864cc6bbe765521f4736f9,1.86,human.pedestrian.adult,1.34,1.86,vehicle.motorcycle,2.66,1.86,high
1531886052547641,d7ebcbbd26d849b384c11bec8df28a9b,c4549c02dc304267baaa27b54ed1582b,1.06,human.pedestrian.adult,2.42,1.06,vehicle.motorcycle,4.81,1.06,medium
1531886053046965,d7ebcbbd26d849b384c11bec8df28a9b,ffec712fbe4141cd983cca71eed15650,0.45,None,inf,0.0,None,inf,0.0,low
1531886053546835,d7ebcbbd26d849b384c11bec8df28a9b,c1f1297352a147dd8ea73095a26f200b,0.17,None,inf,0.0,None,inf,0.0,low
1531886054046732,d7ebcbbd26d849b384c11bec8df28a9b,3ccf926957e3498d8e076a582c79de7d,0.05,None,inf,0.0,None,inf,0.0,low
1531886054447630,d7ebcbbd26d849b384c11bec8df28a9b,7d858cfead5048bc9052699b51464806,0.01,None,inf,0.0,None,inf,0.0,low
1531886054947511,d7ebcbbd26d849b384c11bec8df28a9b,420797414ea048f387111113df2417a9,0.3,None,inf,0.0,None,inf,0.0,low
1531886055448483,d7ebcbbd26d849b384c11bec8df28a9b,d3dece03c4c54df7bb7e2355c9a6c6a5,1.13,human.pedestrian.adult,2.69,1.13,vehicle.motorcycle,4.8,1.13,medium
1531886055948340,d7ebcbbd26d849b384c11bec8df28a9b,8540dea94154421689f242eb4f5d51ed,1.88,human.pedestrian.adult,1.88,1.88,vehicle.motorcycle,3.14,1.88,medium
1531886056448795,d7ebcbbd26d849b384c11bec8df28a9b,3db7ad888728438193a53d0477ea4eff,2.9,human.pedestrian.adult,1.41,2.9,vehicle.motorcycle,2.34,2.9,high
1531886056949234,d7ebcbbd26d849b384c11bec8df28a9b,1e443d89682740b6914727baf1e43c78,3.46,human.pedestrian.adult,1.37,3.46,vehicle.motorcycle,2.3,3.46,high
1531886057399866,d7ebcbbd26d849b384c11bec8df28a9b,d4f482225b1b4110813a81e771eb8723,3.93,human.pedestrian.adult,1.39,3.93,vehicle.motorcycle,2.36,3.93,high
1531886057900289,d7ebcbbd26d849b384c11bec8df28a9b,274763ea86e64977a6e4c7bcc643b8c6,4.71,human.pedestrian.adult,1.4,4.71,vehicle.motorcycle,2.36,4.71,high
1531886058400175,d7ebcbbd26d849b384c11bec8df28a9b,7d1af8d9472348f2a4e848fd8832e276,5.17,human.pedestrian.adult,1.54,5.17,human.pedestrian.adult,2.29,5.17,medium
1531886058900618,d7ebcbbd26d849b384c11bec8df28a9b,5f0755db013c455288b683858aea5296,5.86,human.pedestrian.adult,1.66,5.86,human.pedestrian.adult,2.04,5.86,medium
1531886059399373,d7ebcbbd26d849b384c11bec8df28a9b,03635bc0b8154a5790ee994192ba9017,6.59,human.pedestrian.adult,1.79,6.59,human.pedestrian.adult,1.95,6.59,medium
1531886059949561,d7ebcbbd26d849b384c11bec8df28a9b,4e395aa3b0184594a07ef423209c76dd,7.09,movable_object.trafficcone,1.64,7.09,human.pedestrian.adult,2.01,7.09,medium
1531886060448909,d7ebcbbd26d849b384c11bec8df28a9b,f5dbabfd794c4d50a0b4f945ceb531af,7.41,movable_object.trafficcone,1.42,7.41,human.pedestrian.adult,1.56,7.41,high
1531886060948221,d7ebcbbd26d849b384c11bec8df28a9b,66b9f430969c4e718defe7a22e166120,7.45,human.pedestrian.adult,1.16,7.45,human.pedestrian.adult,1.27,7.45,high
1531886061448108,d7ebcbbd26d849b384c11bec8df28a9b,224e8308c04f400da0f8cc76a51ff19e,7.22,human.pedestrian.adult,0.91,7.22,human.pedestrian.adult,0.99,7.22,high
1531886061948528,d7ebcbbd26d849b384c11bec8df28a9b,a4ba2ac186aa4efbbd2d1396665ced0d,7.04,human.pedestrian.adult,0.81,7.04,human.pedestrian.adult,0.81,7.04,high
1531886062448414,d7ebcbbd26d849b384c11bec8df28a9b,9700cda834b44a66aa47d7eb42ea1cb3,6.91,human.pedestrian.adult,0.68,6.91,human.pedestrian.adult,0.78,6.91,high
1531886062948834,d7ebcbbd26d849b384c11bec8df28a9b,7cfc3facc4424afda10e3f5db8cab69a,6.59,human.pedestrian.adult,0.69,6.59,human.pedestrian.adult,0.74,6.59,high
1531886063448146,d7ebcbbd26d849b384c11bec8df28a9b,3976f7f63a5c498dae351de74590d5ce,5.98,human.pedestrian.adult,0.97,5.98,human.pedestrian.adult,1.09,5.98,high
1531886063898259,d7ebcbbd26d849b384c11bec8df28a9b,ab67269ee29f4f558d17f0e987c9af5f,5.57,human.pedestrian.adult,1.25,5.57,human.pedestrian.adult,1.43,5.57,high
1531886118549020,1d4db80d13f342aba4881b38099bc4b7,758ed7a3a37f4b66a4e0dfcb7e16d06b,0.0,None,inf,0.0,None,inf,0.0,low
1531886119049435,1d4db80d13f342aba4881b38099bc4b7,484fe6e84c934bc2a63b88d98e064074,0.0,None,inf,0.0,None,inf,0.0,low
1531886119549314,1d4db80d13f342aba4881b38099bc4b7,2a5b7ca84a824dc3bff2159ec8c180ac,0.01,None,inf,0.0,None,inf,0.0,low
1531886120049748,1d4db80d13f342aba4881b38099bc4b7,6333e6cebe394ff7a37591cc567c768f,0.64,vehicle.car,8.77,0.64,vehicle.motorcycle,11.75,0.64,low
1531886120448981,1d4db80d13f342aba4881b38099bc4b7,3a16cdd7ce82444c98dbd16d2d143643,1.4,vehicle.car,4.38,1.4,vehicle.motorcycle,5.97,1.4,low
1531886120948314,1d4db80d13f342aba4881b38099bc4b7,01df0413f9bb47478af656d87047fd6a,2.59,vehicle.car,2.69,2.59,vehicle.motorcycle,3.58,2.59,medium
1531886121448724,1d4db80d13f342aba4881b38099bc4b7,89612e28f64b415f8fe05f396a92238d,3.18,vehicle.car,2.41,3.18,vehicle.motorcycle,3.26,3.18,medium
1531886121948608,1d4db80d13f342aba4881b38099bc4b7,bd063ae874da437ab0db3e2137be5d15,3.72,vehicle.car,2.17,3.72,vehicle.motorcycle,3.12,3.72,medium
1531886122448493,1d4db80d13f342aba4881b38099bc4b7,e8a537f34c7a4d43a56917340bbde797,4.28,vehicle.car,1.9,4.28,vehicle.motorcycle,3.12,4.28,medium
1531886122948396,1d4db80d13f342aba4881b38099bc4b7,4007e9dce59d4b9f935c770dbad5166d,4.8,vehicle.car,1.7,4.8,vehicle.motorcycle,3.31,4.8,medium
1531886123448784,1d4db80d13f342aba4881b38099bc4b7,d9b8ab418bcb492ca02b38941c5d4aa6,5.06,vehicle.car,1.64,5.06,vehicle.motorcycle,3.89,5.06,medium
1531886123948664,1d4db80d13f342aba4881b38099bc4b7,d170260e87514fa3bfd962c9bbda8fc6,5.31,vehicle.car,1.61,5.31,movable_object.barrier,4.45,5.31,medium
1531886124449107,1d4db80d13f342aba4881b38099bc4b7,084cd90f5e4e49329d25632399b352f1,5.49,vehicle.car,1.63,5.49,vehicle.car,4.33,5.49,medium
1531886124949007,1d4db80d13f342aba4881b38099bc4b7,f133d395c56f4cd696021b7a87faeedd,5.28,vehicle.car,1.88,5.28,vehicle.car,4.33,5.28,medium
1531886125449397,1d4db80d13f342aba4881b38099bc4b7,316e6888424e41d4adb854ff00b926b6,5.21,vehicle.car,2.25,5.21,vehicle.car,4.38,5.21,medium
1531886125949286,1d4db80d13f342aba4881b38099bc4b7,eea0d4122fe8431f879d5a8242398f4b,5.01,vehicle.car,2.94,5.01,vehicle.car,4.6,5.01,medium
1531886126449734,1d4db80d13f342aba4881b38099bc4b7,b0e3ce27d0794ee0b88431294df2059d,5.05,vehicle.car,3.7,5.05,vehicle.car,4.71,5.05,low
1531886126948478,1d4db80d13f342aba4881b38099bc4b7,6eb152276f2e4958abf8f6e38841c938,5.01,vehicle.car,4.71,5.01,vehicle.car,4.98,5.01,low
1531886127448903,1d4db80d13f342aba4881b38099bc4b7,e343351ade314036874d6097258ba8a3,5.04,vehicle.car,5.29,5.04,vehicle.car,5.83,5.04,low
1531886127949345,1d4db80d13f342aba4881b38099bc4b7,299d834e4afe415880ab536ee7cac84c,5.38,vehicle.car,5.37,5.38,vehicle.car,5.73,5.38,low
1531886128449783,1d4db80d13f342aba4881b38099bc4b7,30ec9fa5b6f54b0483f9bcfaf2907fd5,5.7,vehicle.car,5.49,5.7,vehicle.car,5.52,5.7,low
1531886128949085,1d4db80d13f342aba4881b38099bc4b7,55974cad6c524fa9b241c0b8bdc5470c,6.14,human.pedestrian.adult,4.95,6.14,vehicle.car,5.14,6.14,low
1531886129447884,1d4db80d13f342aba4881b38099bc4b7,4a9483a8bc964b29b5aaf85399026278,6.55,human.pedestrian.adult,4.19,6.55,movable_object.pushable_pullable,4.55,6.55,low
1531886130047815,1d4db80d13f342aba4881b38099bc4b7,b736928c44d14a349b9d20b6ead6a2d6,7.15,human.pedestrian.adult,3.38,7.15,movable_object.pushable_pullable,3.82,7.15,low
1531886130548241,1d4db80d13f342aba4881b38099bc4b7,061392f48e344b279c07eb6fb875df24,7.69,human.pedestrian.adult,2.81,7.69,vehicle.car,3.17,7.69,medium
1531886131048136,1d4db80d13f342aba4881b38099bc4b7,563a609fb1fd4e69b7d4f155e6e99cbe,8.04,human.pedestrian.adult,2.46,8.04,vehicle.car,2.6,8.04,medium
1531886131548008,1d4db80d13f342aba4881b38099bc4b7,3b74128412b54e88bd1c547ca7be57d5,8.19,vehicle.car,2.14,8.19,human.pedestrian.adult,2.16,8.19,medium
1531886132047887,1d4db80d13f342aba4881b38099bc4b7,fff1030f85944ffea92aaf83d507bc0a,8.46,human.pedestrian.adult,1.6,8.46,vehicle.car,1.69,8.46,medium
1531886132547767,1d4db80d13f342aba4881b38099bc4b7,dfae55723a4c4ec28582161e2d312734,8.32,human.pedestrian.adult,1.15,8.32,vehicle.car,1.41,8.32,high
1531886133048734,1d4db80d13f342aba4881b38099bc4b7,f47e3eebb87649a1b41cc23ab195422f,8.22,human.pedestrian.adult,0.74,8.22,vehicle.car,1.26,8.22,high
1531886133548639,1d4db80d13f342aba4881b38099bc4b7,89ebed4bf2a740ff98f20714823de858,8.06,human.pedestrian.adult,0.57,8.06,vehicle.car,1.27,8.06,high
1531886134047948,1d4db80d13f342aba4881b38099bc4b7,c4f21f2ac3744862b986ae5cdfd204a7,8.35,human.pedestrian.adult,0.76,8.35,vehicle.car,1.35,8.35,high
1531886134547801,1d4db80d13f342aba4881b38099bc4b7,20c24bdd80bf4904afad6e0c2da15572,8.09,human.pedestrian.adult,1.19,8.09,human.pedestrian.adult,1.48,8.09,high
1531886135048231,1d4db80d13f342aba4881b38099bc4b7,30eb523939e2405cb8e510c9aaf080c7,7.88,human.pedestrian.adult,1.68,7.88,vehicle.car,2.0,7.88,medium
1531886135548661,1d4db80d13f342aba4881b38099bc4b7,7475730feb534dc196df595354e74b84,7.72,human.pedestrian.adult,2.2,7.72,human.pedestrian.adult,2.36,7.72,medium
1531886136049094,1d4db80d13f342aba4881b38099bc4b7,f86d135b91ae4ec0ae47bbd48b1cf4be,7.57,human.pedestrian.adult,1.99,7.57,human.pedestrian.adult,2.73,7.57,medium
1531886136548971,1d4db80d13f342aba4881b38099bc4b7,15800bc3dc714c7097dc5f3eb22d49dc,7.52,human.pedestrian.adult,1.63,7.52,static_object.bicycle_rack,2.45,7.52,medium
1531886137049412,1d4db80d13f342aba4881b38099bc4b7,0e966fcc0e204fcc99cdf4d6a30b7fbb,7.12,human.pedestrian.adult,1.4,7.12,static_object.bicycle_rack,2.13,7.12,high
1531886137549271,1d4db80d13f342aba4881b38099bc4b7,b819c59bb4864a878beef275e9178672,7.05,human.pedestrian.adult,1.22,7.05,vehicle.bicycle,1.71,7.05,high
1531886138048592,1d4db80d13f342aba4881b38099bc4b7,2ab351dd2aa44cc59b4df94feb2b5fa1,7.01,human.pedestrian.adult,1.2,7.01,vehicle.bicycle,1.32,7.01,high
